PDOM2023IND0030F,F,IND
PDOM2023IND0031F,F,IND
PDOM2023IND0032M,M,IND
PDOM2023IND0033F,F,IND
PDOM2023IND0034M,M,IND
PDOM2023IND0035M,M,IND
PDOM2023IND0036F,F,IND
PDOM2023IND0037F,F,IND
PDOM2023IND0038F,F,IND
PDOM2023IND0039M,M,IND
PDOM2023IND0040F,F,IND
PDOM2025NOR0001F,F,NOR
PDOM2025NOR0002M,M,NOR
PDOM2025NOR0003M,M,NOR
PDOM2025NOR0004F,F,NOR
PDOM2025NOR0005F,F,NOR
PDOM2025NOR0006M,M,NOR
PDOM2025NOR0007M,M,NOR
PDOM2025NOR0008F,F,NOR
PDOM2025NOR0009M,M,NOR
PDOM2025NOR0010F,F,NOR
PDOM2025ZAF0001M,M,ZAF
PDOM2025ZAF0002M,M,ZAF
PDOM2025ZAF0003F,F,ZAF
PDOM2025ZAF0004F,F,ZAF
PDOM2025ZAF0005M,M,ZAF
PDOM2025ZAF0006M,M,ZAF
PDOM2025ZAF0007F,F,ZAF
PDOM2025ZAF0008M,M,ZAF
PDOM2025ZAF0009M,M,ZAF
PDOM2025ZAF0010M,M,ZAF
PDOM2025ZAF0011M,M,ZAF
PDOM2025ZAF0012M,M,ZAF
PDOM2025ZAF0013F,F,ZAF
PDOM2025ZAF0014M,M,ZAF
PDOM2025ZAF0015M,M,ZAF
PDOM2025ZAF0016M,M,ZAF
PDOM2025ZAF0017F,F,ZAF
PDOM2025ZAF0018F,F,ZAF
PDOM2025ZAF0019M,M,ZAF
PDOM2025ZAF0020M,M,ZAF
PDOM2025ZAF0021M,M,ZAF
PDOM2025ZAF0022U,U,ZAF
